{"chunk_definitions":[{"row":8,"row_count":1,"visible":true,"expansion_state":0,"options":{"engine":"r","label":"setup","message":false,"include":false,"dev":"png"},"document_id":"573145DC","chunk_id":"csetup_chunk","chunk_label":"setup"},{"row":20,"row_count":1,"visible":true,"expansion_state":0,"options":{"engine":"r","label":"load-paths","dev":"png"},"document_id":"573145DC","chunk_id":"c36kw3m3i8lg1","chunk_label":"load-paths"},{"row":32,"row_count":1,"visible":true,"expansion_state":0,"options":{"engine":"r","label":"load-data","dev":"png"},"document_id":"573145DC","chunk_id":"cg39e0x3txmqm","chunk_label":"load-data"},{"row":39,"row_count":1,"visible":true,"expansion_state":0,"options":{"engine":"r","label":"explore","dev":"png"},"document_id":"573145DC","chunk_id":"cgu4wbdgyhny7","chunk_label":"explore"}],"doc_write_time":1744077003,"working_dir":null,"default_chunk_options":{}}