"0","# Match file paths with their respective decades"
"0","decades <- c(""60s"", ""70s"", ""80s"", ""90s"", ""00s"", ""10s"")"
"0",""
"0","# Combine into one dataset"
"0","spotify_data <- map2_df(file_paths, decades, ~ {"
"0","  df <- read_csv(.x)"
"0","  df$decade <- .y"
"0","  return(df)"
"0","})"
"2","[1mRows: [22m[34m8642[39m [1mColumns: [22m[34m19[39m"
"2","[36m──[39m [1mColumn specification[22m [36m───────────────────────────[39m
[1mDelimiter:[22m "",""
[31mchr[39m  (3): track, artist, uri
[32mdbl[39m (16): danceability, energy, key, loudness, ..."
"2","
[36mℹ[39m Use `spec()` to retrieve the full column specification for this data.
[36mℹ[39m Specify the column types or set `show_col_types = FALSE` to quiet this message."
"2","[1mRows: [22m[34m7766[39m [1mColumns: [22m[34m19[39m"
"2","[36m──[39m [1mColumn specification[22m [36m───────────────────────────[39m
[1mDelimiter:[22m "",""
[31mchr[39m  (3): track, artist, uri
[32mdbl[39m (16): danceability, energy, key, loudness, ..."
"2","
[36mℹ[39m Use `spec()` to retrieve the full column specification for this data.
[36mℹ[39m Specify the column types or set `show_col_types = FALSE` to quiet this message."
"2","[1mRows: [22m[34m6908[39m [1mColumns: [22m[34m19[39m"
"2","[36m──[39m [1mColumn specification[22m [36m───────────────────────────[39m
[1mDelimiter:[22m "",""
[31mchr[39m  (3): track, artist, uri
[32mdbl[39m (16): danceability, energy, key, loudness, ..."
"2","
[36mℹ[39m Use `spec()` to retrieve the full column specification for this data.
[36mℹ[39m Specify the column types or set `show_col_types = FALSE` to quiet this message."
"2","[1mRows: [22m[34m5520[39m [1mColumns: [22m[34m19[39m"
"2","[36m──[39m [1mColumn specification[22m [36m───────────────────────────[39m
[1mDelimiter:[22m "",""
[31mchr[39m  (3): track, artist, uri
[32mdbl[39m (16): danceability, energy, key, loudness, ..."
"2","
[36mℹ[39m Use `spec()` to retrieve the full column specification for this data.
[36mℹ[39m Specify the column types or set `show_col_types = FALSE` to quiet this message."
"2","[1mRows: [22m[34m5872[39m [1mColumns: [22m[34m19[39m"
"2","[36m──[39m [1mColumn specification[22m [36m───────────────────────────[39m
[1mDelimiter:[22m "",""
[31mchr[39m  (3): track, artist, uri
[32mdbl[39m (16): danceability, energy, key, loudness, ..."
"2","
[36mℹ[39m Use `spec()` to retrieve the full column specification for this data.
[36mℹ[39m Specify the column types or set `show_col_types = FALSE` to quiet this message."
"2","[1mRows: [22m[34m6398[39m [1mColumns: [22m[34m19[39m"
"2","[36m──[39m [1mColumn specification[22m [36m───────────────────────────[39m
[1mDelimiter:[22m "",""
[31mchr[39m  (3): track, artist, uri
[32mdbl[39m (16): danceability, energy, key, loudness, ..."
"2","
[36mℹ[39m Use `spec()` to retrieve the full column specification for this data.
[36mℹ[39m Specify the column types or set `show_col_types = FALSE` to quiet this message."
