"0","# Manually list each file"
"0","file_paths <- c("
"0","  ""/Users/kennygrigoletto/Documents/HITSONGPREDICTOR/data/dataset-of-60s.csv"","
"0","  ""/Users/kennygrigoletto/Documents/HITSONGPREDICTOR/data/dataset-of-70s.csv"","
"0","  ""/Users/kennygrigoletto/Documents/HITSONGPREDICTOR/data/dataset-of-80s.csv"","
"0","  ""/Users/kennygrigoletto/Documents/HITSONGPREDICTOR/data/dataset-of-90s.csv"","
"0","  ""/Users/kennygrigoletto/Documents/HITSONGPREDICTOR/data/dataset-of-00s.csv"","
"0","  ""/Users/kennygrigoletto/Documents/HITSONGPREDICTOR/data/dataset-of-10s.csv"""
"0",")"
